<?xml version="1.0" encoding="UTF-8"?>
<Entities
 build="b222"
 majorVersion="8"
 minorVersion="5"
 modelPersistenceProviderPackage="PostgresPersistenceProviderPackage"
 revision="4"
 schemaVersion="1053"
 universal="">
    <Organizations>
        <Organization
         description=""
         documentationContent=""
         homeMashup=""
         lastModifiedDate="2021-03-16T10:41:53.404+05:30"
         loginButtonStyle=""
         loginPrompt=""
         loginResetPassword="false"
         loginStyle=""
         mobileMashup=""
         name="Org"
         projectName="test_a"
         resetMailContent="&lt;p&gt;[[resetemail.requestmade]]&lt;/p&gt;&#xA;&#xA;&lt;p&gt;[[resetemail.instructions]]&lt;/p&gt;&#xA;&#xA;&#xA;&#xA;&#xA;&#xA;&#xA;&#xA;&#xA;&#xA;&#xA;&#xA;&#xA;&#xA;&lt;p&gt;[[resetemail.helpneeded]]&lt;/p&gt;"
         resetMailServer=""
         resetMailSubject="[[resetemail.subject]]"
         tags="">
            <avatar></avatar>
            <DesignTimePermissions>
                <Create></Create>
                <Read></Read>
                <Update></Update>
                <Delete></Delete>
                <Metadata></Metadata>
            </DesignTimePermissions>
            <RunTimePermissions></RunTimePermissions>
            <VisibilityPermissions>
                <Visibility></Visibility>
            </VisibilityPermissions>
            <ConfigurationTableDefinitions></ConfigurationTableDefinitions>
            <ConfigurationTables></ConfigurationTables>
            <loginImage></loginImage>
            <Connections>
                <Connection
                 from=""
                 to="Unit 1"></Connection>
                <Connection
                 from="Unit 1"
                 to="TS"></Connection>
                <Connection
                 from="TS"
                 to="AS"></Connection>
                <Connection
                 from="AS"
                 to="QW"></Connection>
                <Connection
                 from="QW"
                 to="AD"></Connection>
                <Connection
                 from="AD"
                 to="TY"></Connection>
                <Connection
                 from="TY"
                 to="DF"></Connection>
                <Connection
                 from="DF"
                 to="OP"></Connection>
                <Connection
                 from="OP"
                 to="HK"></Connection>
                <Connection
                 from="HK"
                 to="sdf"></Connection>
                <Connection
                 from="sdf"
                 to="gh"></Connection>
                <Connection
                 from="gh"
                 to="LK"></Connection>
                <Connection
                 from="LK"
                 to="GF"></Connection>
                <Connection
                 from="GF"
                 to="jkl"></Connection>
                <Connection
                 from="jkl"
                 to="edf"></Connection>
                <Connection
                 from="edf"
                 to="hui"></Connection>
                <Connection
                 from="Unit 1"
                 to="GS"></Connection>
                <Connection
                 from="GS"
                 to="ZX"></Connection>
                <Connection
                 from="ZX"
                 to="ZC"></Connection>
                <Connection
                 from="ZC"
                 to="BN"></Connection>
                <Connection
                 from="BN"
                 to="NM"></Connection>
                <Connection
                 from="NM"
                 to="HJ"></Connection>
                <Connection
                 from="HJ"
                 to="KL"></Connection>
                <Connection
                 from="KL"
                 to="MV"></Connection>
            </Connections>
            <OrganizationalUnits>
                <OrganizationalUnit
                 description=""
                 name="AD">
                    <Members>
                        <Members></Members>
                    </Members>
                </OrganizationalUnit>
                <OrganizationalUnit
                 description=""
                 name="AS">
                    <Members>
                        <Members></Members>
                    </Members>
                </OrganizationalUnit>
                <OrganizationalUnit
                 description=""
                 name="BN">
                    <Members>
                        <Members></Members>
                    </Members>
                </OrganizationalUnit>
                <OrganizationalUnit
                 description=""
                 name="DF">
                    <Members>
                        <Members></Members>
                    </Members>
                </OrganizationalUnit>
                <OrganizationalUnit
                 description=""
                 name="edf">
                    <Members>
                        <Members></Members>
                    </Members>
                </OrganizationalUnit>
                <OrganizationalUnit
                 description=""
                 name="GF">
                    <Members>
                        <Members></Members>
                    </Members>
                </OrganizationalUnit>
                <OrganizationalUnit
                 description=""
                 name="gh">
                    <Members>
                        <Members></Members>
                    </Members>
                </OrganizationalUnit>
                <OrganizationalUnit
                 description=""
                 name="GS">
                    <Members>
                        <Members></Members>
                    </Members>
                </OrganizationalUnit>
                <OrganizationalUnit
                 description=""
                 name="HJ">
                    <Members>
                        <Members></Members>
                    </Members>
                </OrganizationalUnit>
                <OrganizationalUnit
                 description=""
                 name="HK">
                    <Members>
                        <Members></Members>
                    </Members>
                </OrganizationalUnit>
                <OrganizationalUnit
                 description=""
                 name="hui">
                    <Members>
                        <Members></Members>
                    </Members>
                </OrganizationalUnit>
                <OrganizationalUnit
                 description=""
                 name="jkl">
                    <Members>
                        <Members></Members>
                    </Members>
                </OrganizationalUnit>
                <OrganizationalUnit
                 description=""
                 name="KL">
                    <Members>
                        <Members></Members>
                    </Members>
                </OrganizationalUnit>
                <OrganizationalUnit
                 description=""
                 name="LK">
                    <Members>
                        <Members></Members>
                    </Members>
                </OrganizationalUnit>
                <OrganizationalUnit
                 description=""
                 name="MV">
                    <Members>
                        <Members></Members>
                    </Members>
                </OrganizationalUnit>
                <OrganizationalUnit
                 description=""
                 name="NM">
                    <Members>
                        <Members></Members>
                    </Members>
                </OrganizationalUnit>
                <OrganizationalUnit
                 description=""
                 name="OP">
                    <Members>
                        <Members></Members>
                    </Members>
                </OrganizationalUnit>
                <OrganizationalUnit
                 description=""
                 name="QW">
                    <Members>
                        <Members></Members>
                    </Members>
                </OrganizationalUnit>
                <OrganizationalUnit
                 description=""
                 name="sdf">
                    <Members>
                        <Members></Members>
                    </Members>
                </OrganizationalUnit>
                <OrganizationalUnit
                 description=""
                 name="TS">
                    <Members>
                        <Members></Members>
                    </Members>
                </OrganizationalUnit>
                <OrganizationalUnit
                 description=""
                 name="TY">
                    <Members>
                        <Members></Members>
                    </Members>
                </OrganizationalUnit>
                <OrganizationalUnit
                 description=""
                 name="Unit 1">
                    <Members>
                        <Members></Members>
                    </Members>
                </OrganizationalUnit>
                <OrganizationalUnit
                 description=""
                 name="ZC">
                    <Members>
                        <Members></Members>
                    </Members>
                </OrganizationalUnit>
                <OrganizationalUnit
                 description=""
                 name="ZX">
                    <Members>
                        <Members></Members>
                    </Members>
                </OrganizationalUnit>
            </OrganizationalUnits>
        </Organization>
    </Organizations>
</Entities>
